Car_Name,version,Gear Type,Running_kn,Owner,Fuel Type,Passing State,Price
2012 Toyota Innova,2.5 GX 8 STR BS IV,Manual,"3,53,288 km",1st Owner,Diesel,MH-02,"6,15,000"
2017 Volkswagen Ameo,COMFORTLINE PLUS PETROL,Manual,"17,916 km",1st Owner,Petrol,MH-02,"4,88,000"
2013 Volkswagen Vento,COMFORTLINE MT PETROL,Manual,"25,304 km",1st Owner,Petrol,MH-02,"3,31,000"
2016 Ford Ecosport,1.5 TREND TDCI,Manual,"78,870 km",1st Owner,Diesel,MH-03,"5,23,000"
2018 Honda WR-V,1.2 i-VTEC S MT Edge Edition,Manual,"13,228 km",1st Owner,Petrol,MH-01,"7,91,000"
2015 Maruti Ertiga,ZXI,Manual,"75,586 km",1st Owner,Petrol,MH-04,"6,47,000"
2017 Datsun Redi Go,S 1.0,Manual,"43,034 km",1st Owner,Petrol + CNG,MH-04,"2,46,000"
2018 Maruti Dzire,ZXI Plus,Manual,"42,906 km",1st Owner,Petrol,MH-06,"6,31,000"
2017 Volkswagen Polo,GT TSI 1.2 PETROL AT,Automatic,"76,366 km",2nd Owner,Petrol,MH-01,"6,83,000"
2010 Maruti Wagon R 1.0,LXI,Manual,"46,119 km",1st Owner,Petrol,MH-04,"2,15,000"
2019 Honda City,SV MT PETROL,Manual,"47,985 km",1st Owner,Petrol,MH-01,"8,32,000"
2016 Toyota Corolla Altis,G,Manual,"36,175 km",1st Owner,Petrol,MH-06,"9,52,000"
2018 Honda City,ZX CVT ANNIVERSARY EDITION,Automatic,"57,645 km",1st Owner,Petrol,MH-43,"10,72,000"
2017 Hyundai Creta,1.6 SX PLUS AUTO PETROL,Automatic,"74,603 km",1st Owner,Petrol,MH-02,"10,64,000"
2016 Hyundai New Elantra,1.6 SX AT,Automatic,"58,093 km",1st Owner,Diesel,MH-05,"8,71,000"
2017 Honda City,ZX CVT,Automatic,"88,218 km",1st Owner,Petrol,MH-47,"9,15,000"
2017 Hyundai Elite i20,SPORTZ 1.2,Manual,"23,648 km",1st Owner,Petrol,MH-47,"6,21,000"
2014 Hyundai Elite i20,SPORTZ (O) 1.2,Manual,"71,895 km",3rd Owner,Petrol,MH-02,"4,89,000"
2021 Nissan MAGNITE,XV PRIMIUM MT,Manual,"10,410 km",1st Owner,Petrol,MH-01,"8,91,000"
2018 Maruti Vitara Brezza,ZDI AMT,Automatic,"57,031 km",1st Owner,Diesel,MH-01,"8,88,000"
2019 Mahindra XUV500,W7 AT,Automatic,"64,388 km",1st Owner,Diesel,MH-48,"11,81,000"
2014 Maruti Wagon R 1.0,VXI,Manual,"50,657 km",1st Owner,Petrol,MH-48,"3,57,000"
2017 Toyota Etios,V,Manual,"74,055 km",1st Owner,Petrol,MH-02,"4,97,000"
2014 Maruti Swift Dzire,VXI,Manual,"78,662 km",1st Owner,Petrol,MH-04,"4,05,000"
2020 Hyundai Creta,1.5 SX (O) AT,Automatic,"26,800 km",2nd Owner,Petrol,MH-02,"15,73,000"
2020 Hyundai Verna,S PETROL MT,Manual,"14,410 km",1st Owner,Petrol,MH-47,"8,61,000"
2013 Toyota Etios Liva,G,Manual,"84,988 km",1st Owner,Petrol,MH-04,"3,05,000"
2019 Maruti Ciaz,DELTA 1.5 SHVS VVT MT,Manual,"30,411 km",1st Owner,Petrol,MH-05,"7,91,000"
2017 Hyundai New Elantra,2.0 SX AT,Automatic,"50,567 km",1st Owner,Petrol,MH-03,"10,60,000"
2016 Mahindra XUV500,W10 AT FWD,Automatic,"50,100 km",2nd Owner,Diesel,MH-04,"10,70,000"
2016 Ford Ecosport,1.5 TREND TI VCT,Manual,"24,560 km",1st Owner,Petrol,MH-47,"5,45,000"
2018 Ford Ecosport,1.5 TITANIUM TI VCT AT,Automatic,"21,067 km",1st Owner,Petrol,MH-01,"8,48,000"
2018 Datsun Redi Go,1.0 T(O) AT,Automatic,"64,833 km",2nd Owner,Petrol,MH-06,"2,83,000"
2017 Maruti IGNIS,DELTA 1.2 K12,Manual,"6,617 km",1st Owner,Petrol,MH-47,"5,20,000"
2017 Hyundai Grand i10,SPORTZ 1.2 KAPPA VTVT,Manual,"13,909 km",1st Owner,Petrol,MH-47,"5,38,000"
2012 Honda Brio,1.2 S MT I VTEC,Manual,"34,456 km",2nd Owner,Petrol,MH-02,"2,84,500"
2017 Maruti Wagon R 1.0,LXI CNG,Manual,"57,606 km",1st Owner,Petrol + CNG,MH-47,"4,48,000"
2018 Maruti Baleno,DELTA PETROL 1.2,Manual,"19,641 km",1st Owner,Petrol,MH-02,"5,51,000"
2012 Maruti Wagon R 1.0,VXI,Manual,"61,548 km",1st Owner,Petrol,MH-01,"2,85,000"
2017 Hyundai Creta,1.6 CRDI SX PLUS AUTO,Automatic,"39,486 km",1st Owner,Diesel,MH-48,"12,76,000"
2017 Maruti Wagon R 1.0,LXI CNG,Manual,"14,484 km",1st Owner,Petrol + CNG,MH-03,"4,54,000"
2017 Jeep Compass,2.0 LONGITUDE,Manual,"28,835 km",1st Owner,Diesel,MH-46,"11,16,000"
2017 Hyundai Tucson New,2WD AT GL PETROL,Automatic,"31,376 km",1st Owner,Petrol,MH-03,"13,16,000"
2012 Maruti Swift,ZXI,Manual,"90,017 km",1st Owner,Petrol,MH-12,"3,59,000"
2017 Maruti Ciaz,VXI PLUS,Manual,"63,064 km",1st Owner,Petrol,MH-05,"6,08,000"
2016 Mahindra Kuv100,K6 D 6 STR,Manual,"44,878 km",1st Owner,Diesel,MH-04,"4,54,000"
2015 Maruti Wagon R 1.0,VXI AMT,Automatic,"26,874 km",1st Owner,Petrol,MH-05,"3,72,000"
2014 Volkswagen Polo,GT TSI 1.2 PETROL AT,Automatic,"41,648 km",1st Owner,Petrol,MH-01,"5,53,000"
2017 Hyundai Creta,1.4 S CRDI,Manual,"93,210 km",1st Owner,Diesel,MH-46,"8,63,000"
2015 Renault Duster,85 PS RXL,Manual,"80,797 km",1st Owner,Diesel,MH-02,"5,94,000"
2017 Hyundai Verna,1.6 SX (O) CRDI MT,Manual,"54,075 km",1st Owner,Diesel,MH-04,"10,30,000"
2018 Maruti Wagon R 1.0,LXI CNG,Manual,"40,369 km",1st Owner,Petrol + CNG,MH-43,"5,23,000"
2018 Hyundai Elite i20,Magna Executive 1.2,Manual,"90,874 km",1st Owner,Petrol,MH-05,"5,42,000"
2017 Maruti Ertiga,ZDI SHVS,Manual,"54,004 km",1st Owner,Diesel,MH-47,"9,28,000"
2012 Maruti Swift,VXI,Manual,"35,757 km",3rd Owner,Petrol,MH-03,"3,19,000"
2018 Maruti Baleno,ALPHA DDIS 190,Manual,"36,179 km",1st Owner,Diesel,MH-04,"7,21,000"
2014 Hyundai Elite i20,MAGNA 1.2,Manual,"44,584 km",1st Owner,Petrol,MH-48,"4,90,000"
2018 Maruti Celerio,ZXI AMT,Automatic,"42,416 km",2nd Owner,Petrol,MH-05,"4,29,000"
2017 Ford Ecosport,1.5 TITANIUM TI VCT AT,Automatic,"35,005 km",2nd Owner,Petrol,MH-03,"6,16,000"
2020 Volkswagen Polo,Trendline 1.0 L Petrol,Manual,"46,779 km",1st Owner,Petrol + CNG,MH-04,"5,62,000"
2021 Tata ALTROZ,XE 1.2,Manual,"42,399 km",1st Owner,Petrol,MH-04,"5,66,000"
2017 Volkswagen Vento,COMFORTLINE MT PETROL,Manual,"64,915 km",1st Owner,Petrol,MH-43,"5,71,000"
2020 Renault Kwid,RXL,Manual,"8,148 km",1st Owner,Petrol,MH-05,"3,95,000"
2019 Renault Kwid,1.0 RXT Opt,Manual,"20,884 km",1st Owner,Petrol,MH-02,"4,04,000"
2019 Honda Amaze,1.2 VXMT I VTEC,Manual,"12,182 km",1st Owner,Petrol,MH-02,"7,24,000"
2019 Hyundai VENUE,1.0L Turbo GDI SX(O) MT,Manual,"28,990 km",1st Owner,Petrol,MH-43,"9,63,000"
2015 Maruti Swift Dzire,VXI,Manual,"10,271 km",1st Owner,Petrol,MH-02,"5,18,000"
2012 Honda City,CORPORATE MT,Manual,"69,898 km",2nd Owner,Petrol,MH-01,"3,88,000"
2012 Honda City,V AT,Automatic,"56,589 km",1st Owner,Petrol,MH-02,"4,48,000"
2021 Maruti Baleno,SIGMA PETROL 1.2,,"12,919 km",1st Owner,Petrol,MH-04,"6,61,000"
2018 Honda Amaze,1.2 SAT I VTEC,Automatic,"14,533 km",1st Owner,Petrol,MH-48,"6,61,000"
2017 Jeep Compass,2.0 LONGITUDE (O),Manual,"88,961 km",1st Owner,Diesel,MH-01,"10,88,000"
2015 Maruti Baleno,ZETA PETROL 1.2,Manual,"40,423 km",1st Owner,Petrol,MH-43,"5,24,000"
2017 Maruti Baleno,DELTA 1.2 K12,Manual,"8,167 km",1st Owner,Petrol,MH-01,"5,95,000"
2019 Mahindra MARAZZO,M6 8 STR,Manual,"17,733 km",1st Owner,Diesel,MH-03,"10,22,000"
2017 Volkswagen Polo,GT TSI 1.2 PETROL AT,Automatic,"65,971 km",1st Owner,Petrol,MH-43,"6,75,000"
2016 Toyota Corolla Altis,VL AT,Automatic,"91,113 km",1st Owner,Petrol,MH-47,"8,15,000"
2014 Hyundai Grand i10,ASTA 1.2 AT VTVT,Automatic,"10,161 km",1st Owner,Petrol,MH-02,"4,53,000"
2018 Maruti Dzire,VXI,Manual,"15,364 km",1st Owner,Petrol,MH-03,"6,55,000"
2019 Hyundai Elite i20,1.2 MAGNA PLUS VTVT,Manual,"36,301 km",1st Owner,Petrol,MH-02,"6,19,000"
2017 Hyundai Verna,1.6 SX VTVT AT,Automatic,"58,830 km",1st Owner,Petrol,MH-05,"6,74,000"
2018 Volkswagen Polo,HIGH LINE PLUS 1.0,Manual,"32,221 km",1st Owner,Petrol,MH-47,"6,45,000"
2021 Hyundai AURA,S CNG,Manual,"8,115 km",1st Owner,Petrol + CNG,MH-47,"7,99,000"
2017 Maruti Wagon R 1.0,VXI PLUS,Manual,"37,469 km",1st Owner,Petrol,MH-01,"4,13,000"
2018 Hyundai Xcent,SX 1.2 CRDI,Manual,"93,077 km",1st Owner,Diesel,MH-05,"5,23,000"
2015 Maruti Swift Dzire,VXI,Manual,"10,155 km",1st Owner,Petrol,MH-46,"5,26,000"
2015 Hyundai Elite i20,ASTA 1.2,Manual,"46,921 km",1st Owner,Petrol,MH-05,"5,65,000"
2016 Maruti Ertiga,VXI CNG,Manual,"56,638 km",2nd Owner,Petrol + CNG,MH-02,"7,62,000"
2020 KIA SELTOS,HTK PLUS 1.5 DIESEL,Manual,"55,796 km",1st Owner,Diesel,MH-05,"12,55,000"
2020 Renault Kwid,Neotech 1.0 EasyR,Automatic,"8,511 km",1st Owner,Petrol,MH-46,"5,27,000"
2022 KIA CARENS,PRESTIGE PLUS 1.4G MT 7STR,,"1,574 km",1st Owner,Petrol,MH-43,"16,14,000"
2019 Tata Harrier,XZ 2.0L Kryotec,Manual,"55,719 km",2nd Owner,Diesel,MH-04,"13,78,000"
2020 Maruti Swift,VXI,Manual,"23,876 km",2nd Owner,Petrol,MH-02,"6,11,000"
2017 Hyundai Tucson New,2WD AT GLS DIESEL,Automatic,"86,858 km",1st Owner,Diesel,MH-43,"14,90,000"
2019 Volkswagen Vento,1.2 TSI HIGHLINE PLUS AT,Automatic,"38,656 km",1st Owner,Petrol,MH-04,"8,93,000"
2018 Maruti Dzire,VXI,Manual,"41,059 km",1st Owner,Petrol,MH-48,"5,93,000"
2018 Volkswagen Polo,TRENDLINE 1.2L PETROL,Manual,"24,623 km",1st Owner,Petrol,MH-03,"5,07,000"
2018 Ford Figo Aspire,1.2 TITANIUM PETROL,Manual,"17,869 km",1st Owner,Petrol,MH-05,"5,49,000"
2019 Maruti S Cross,ALPHA SHVS,Manual,"50,296 km",2nd Owner,Diesel,MH-12,"8,16,900"
2018 Maruti Baleno,DELTA 1.2 K12,Manual,"88,396 km",1st Owner,Petrol,MH-47,"5,48,000"
2019 Maruti New  Wagon-R,VXI 1.0,Manual,"24,316 km",1st Owner,Petrol,MH-02,"4,78,000"
2016 Hyundai Creta,1.6 SX PLUS VTVT,Manual,"57,367 km",2nd Owner,Petrol + CNG,MH-48,"8,03,000"
2014 Maruti Swift,VDI,Manual,"95,154 km",2nd Owner,Diesel,MH-02,"3,98,000"
2017 Hyundai Creta,1.6 SX PLUS PETROL,Manual,"41,408 km",1st Owner,Petrol,MH-47,"8,64,000"
2021 Renault Duster,RXZ,Manual,"28,748 km",1st Owner,Petrol,MH-48,"8,98,000"
2020 KIA SELTOS,HTK PLUS 1.5 PETROL,Manual,"49,480 km",1st Owner,Petrol,MH-47,"11,63,000"
2019 Hyundai i20 Active,1.2 SX,Manual,"18,186 km",1st Owner,Petrol,MH-46,"7,25,000"
2012 Maruti Wagon R 1.0,VXI,Manual,"41,276 km",1st Owner,Petrol,MH-02,"2,96,000"
2020 Tata NEXON,XMA 1.2,Automatic,"45,790 km",1st Owner,Petrol,MH-04,"8,55,000"
2019 MG HECTOR,SHARP DCT PETROL,Automatic,"50,866 km",1st Owner,Petrol,MH-02,"15,26,000"
2018 Honda Jazz,1.2 V AT,Automatic,"34,460 km",2nd Owner,Petrol,MH-01,"6,13,000"
2014 Maruti Swift,VXI,Manual,"48,495 km",2nd Owner,Petrol,MH-02,"3,84,000"
2015 Hyundai Verna,FLUIDIC 1.4 CRDI,Manual,"52,626 km",1st Owner,Diesel,MH-03,"6,28,000"
2012 Honda City,V MT PETROL,Manual,"87,312 km",2nd Owner,Petrol,MH-04,"4,11,000"
2016 Hyundai i20 Active,1.2 S,Manual,"61,568 km",2nd Owner,Petrol,MH-46,"5,56,000"
2019 Maruti Ciaz,1.5 SIGMA SHVS,Manual,"14,738 km",1st Owner,Petrol,MH-01,"7,20,000"
2021 Hyundai NEW I20,ASTA (O) 1.2 MT,,"10,319 km",1st Owner,Petrol,MH-47,"9,13,000"
2022 Volkswagen TAIGUN,TOPLINE 1.0 TSI MT,,"3,680 km",1st Owner,Petrol,22-BH,"16,58,000"
2019 Maruti Celerio X,Zxi,Manual,"42,888 km",1st Owner,Petrol + CNG,MH-04,"5,04,000"
2017 Hyundai Verna,FLUIDIC 1.4 VTVT,Manual,"48,188 km",1st Owner,Petrol,MH-43,"6,40,000"
2014 Toyota Corolla Altis,J S,Manual,"53,193 km",1st Owner,Petrol,MH-01,"5,75,000"
2020 Skoda Rapid,1.6 MPI MT ACTIVE,Manual,"41,858 km",1st Owner,Petrol,MH-43,"6,99,000"
2021 Skoda Rapid,STYLE 1.0 AT,Automatic,"25,527 km",1st Owner,Petrol,MH-43,"11,94,000"
2017 Skoda Octavia,2.0 TDI STYLE PLUS AT,Automatic,"60,771 km",1st Owner,Diesel,MH-01,"14,56,000"
2019 Hyundai Grand i10,1.2 KAPPA SPORTZ (O),Manual,"9,116 km",1st Owner,Petrol,MH-02,"5,62,000"
2018 Maruti Dzire,ZDI Plus,Manual,"59,790 km",1st Owner,Diesel,MH-05,"7,40,000"
2013 Hyundai Grand i10,ASTA 1.2 VTVT,Manual,"41,746 km",1st Owner,Petrol,MH-04,"3,81,000"
2019 Volkswagen Polo,COMFORTLINE  CUP EDITION,Manual,"11,718 km",1st Owner,Petrol,MH-04,"6,93,000"
2015 Skoda Rapid,AMBITION 1.6 MPI MT PLUS,Manual,"39,283 km",1st Owner,Petrol,MH-03,"5,02,000"
2016 Maruti Ciaz,ZXI AT,Automatic,"45,142 km",1st Owner,Petrol,MH-01,"6,51,000"
2017 Maruti Swift,ZXI,Manual,"53,005 km",1st Owner,Petrol,MH-43,"5,34,000"
2014 Honda CRV,2.4 AT 4WD AVN,Automatic,"96,699 km",2nd Owner,Petrol,MH-02,"8,87,000"
2019 Jeep Compass,1.4 LIMITED PLUS AT,Automatic,"26,062 km",1st Owner,Petrol,MH-47,"17,84,000"
2019 Maruti S PRESSO,VXI PLUS,Manual,"14,333 km",1st Owner,Petrol,MH-04,"4,41,000"
2020 Volkswagen Polo,GT TSI AT 1.0,Automatic,"14,053 km",1st Owner,Petrol,MH-12,"10,48,000"
2018 Hyundai Verna,1.6 SX VTVT AT (O),Automatic,"47,155 km",1st Owner,Petrol,MH-46,"9,70,000"
2015 Nissan Micra,XV CVT,Automatic,"15,915 km",1st Owner,Petrol,MH-03,"4,30,000"
2019 Mahindra XUV 3OO,1.5 W6 MT,Manual,"73,348 km",1st Owner,Diesel,MH-46,"8,93,000"
2016 Volkswagen Ameo,HIGHLINE 1.2,Manual,"64,432 km",2nd Owner,Petrol,MH-03,"4,60,000"
2020 Maruti Dzire,ZXI,Manual,"13,496 km",1st Owner,Petrol,MH-04,"7,40,000"
2015 Maruti Ciaz,ZXI,Manual,"57,438 km",1st Owner,Petrol,MH-01,"5,78,000"
2019 Hyundai Creta,1.6 VTVT SX AUTO,Automatic,"21,253 km",3rd Owner,Petrol,MH-09,"12,06,000"
2017 Maruti Dzire,VDI,Manual,"78,254 km",1st Owner,Diesel,MH-02,"6,93,000"
2016 Honda Jazz,1.2 S MT,Manual,"54,119 km",1st Owner,Petrol,MH-03,"4,47,000"
2017 Maruti Wagon R 1.0,LXI CNG OPT,Manual,"34,769 km",1st Owner,Petrol + CNG,MH-02,"4,20,000"
2020 KIA SONET,GTX PLUS DCT 1.0,,"7,381 km",1st Owner,Petrol,MH-04,"13,18,000"
2019 Maruti Ciaz,DELTA 1.5 SHVS VVT MT,Manual,"39,267 km",1st Owner,Petrol,MH-02,"7,44,000"
2019 Ford Ecosport,1.5 TITANIUM THUNDER EDITION TI VCT,Manual,"64,778 km",1st Owner,Petrol,MH-43,"8,68,000"
2020 Maruti Dzire,VXI AMT,Automatic,"8,518 km",1st Owner,Petrol,MH-02,"7,39,000"
2021 Renault Kiger,RXZ 1.0 Easy R Petrol,,"6,828 km",1st Owner,Petrol,MH-47,"8,95,000"
2018 Maruti Dzire,VDI AMT,Automatic,"51,691 km",1st Owner,Diesel,MH-01,"7,50,000"
2017 Maruti IGNIS,DELTA 1.2 K12 AMT,Automatic,"21,983 km",1st Owner,Petrol,MH-04,"5,14,000"
2017 Ford Ecosport,1.5 TITANIUM TI VCT,Manual,"32,374 km",1st Owner,Petrol,MH-04,"6,97,000"
2021 Maruti New  Wagon-R,ZXI 1.2L AGS,Automatic,"5,310 km",1st Owner,Petrol,MH-47,"6,90,000"
2017 Maruti Dzire,VXI AMT,Automatic,"19,756 km",1st Owner,Petrol,MH-02,"6,65,000"
2018 Maruti Alto K10,VXI,Manual,"12,870 km",1st Owner,Petrol,MH-05,"3,54,000"
2016 Hyundai Eon,ERA PLUS,Manual,"24,015 km",1st Owner,Petrol,MH-14,"3,12,000"
2015 Honda City,VX (O) PETROL,Manual,"36,456 km",2nd Owner,Petrol,MH-02,"6,59,400"
2016 Maruti Baleno,ALPHA 1.2 K12,Manual,"79,387 km",1st Owner,Petrol,MH-01,"5,38,000"
2018 Ford Ecosport,1.5 TDCI TITANIUM PLUS,Manual,"56,104 km",1st Owner,Diesel,MH-04,"8,93,000"
2018 Tata NEXON,XZ+ 1.5,Manual,"53,111 km",2nd Owner,Diesel,MH-01,"8,04,000"
2017 Honda Amaze,1.2 SX MT I VTEC,Manual,"48,147 km",1st Owner,Petrol,MH-02,"4,88,000"
2018 Honda WR-V,1.2 i-VTEC VX MT,Manual,"14,866 km",2nd Owner,Petrol,MH-04,"6,58,000"
2022 Hyundai AURA,S CNG,Manual,"12,664 km",1st Owner,Petrol + CNG,MH-46,"8,40,000"
2017 Hyundai Verna,FLUIDIC 1.6 SX VTVT,Manual,"33,513 km",1st Owner,Petrol,MH-47,"7,79,000"
2014 Maruti Swift Dzire,VXI,Manual,"42,213 km",1st Owner,Petrol,MH-03,"4,25,000"
2016 Maruti Alto 800,LXI,Manual,"25,216 km",2nd Owner,Petrol,MH-47,"2,75,000"
2019 Maruti Baleno,ZETA 1.2 K12,Manual,"9,183 km",1st Owner,Petrol,MH-02,"7,16,000"
2020 Maruti S Cross,ZETA AT 1.5 SHVS,,"12,127 km",1st Owner,Petrol,MH-47,"10,64,000"
2017 Maruti Ciaz,ZETA 1.4 VVT,Manual,"26,384 km",2nd Owner,Petrol + CNG,MH-47,"6,99,000"
2017 Hyundai Elite i20,SPORTZ 1.2,Manual,"29,858 km",1st Owner,Petrol,MH-03,"5,93,000"
2020 MG HECTOR,SHARP DCT PETROL,Automatic,"39,656 km",1st Owner,Petrol,MH-46,"16,45,000"
2020 Tata NEXON,XZA + 1.2 PETROL A/T,Automatic,"15,166 km",1st Owner,Petrol,MH-47,"10,31,000"
2020 Maruti S PRESSO,VXI CNG,Manual,"30,416 km",1st Owner,Petrol + CNG,MH-05,"4,79,000"
2019 MG HECTOR,SHARP DCT PETROL,Automatic,"33,894 km",2nd Owner,Petrol,MH-14,"15,08,000"
2019 Maruti New  Wagon-R,LXI CNG 1.0 L,Manual,"38,290 km",1st Owner,Petrol + CNG,MH-04,"5,83,000"
2018 Maruti Dzire,ZXI Plus AMT,Automatic,"38,591 km",1st Owner,Petrol,MH-43,"6,89,000"
2022 Hyundai AURA,S CNG,Manual,"9,215 km",1st Owner,Petrol + CNG,MH-46,"8,40,000"
2014 Maruti Swift,ZXI,Manual,"18,803 km",1st Owner,Petrol,MH-05,"4,90,000"
2021 Ford Ecosport,TITANIUM PLUS SE1.5 TDCI MT,Manual,"13,085 km",1st Owner,Diesel,MH-46,"11,99,000"
2015 Honda Jazz,1.2 V AT,Automatic,"42,999 km",1st Owner,Petrol,MH-01,"5,50,000"
2015 Maruti Alto K10,VXI,Manual,"27,150 km",1st Owner,Petrol,MH-09,"2,95,000"
2016 Maruti Wagon R 1.0,VXI AMT,Automatic,"14,321 km",1st Owner,Petrol,MH-47,"4,16,000"
2018 Hyundai Creta,1.6 VTVT SX AUTO,Automatic,"34,004 km",2nd Owner,Petrol,MH-43,"11,02,000"
2016 Toyota Corolla Altis,G AT,Automatic,"60,682 km",1st Owner,Petrol,MH-04,"8,46,000"
2019 Tata Harrier,XZ 2.0L Kryotec,Manual,"39,250 km",1st Owner,Diesel,MH-03,"15,66,000"
2012 Maruti Swift,ZXI,Manual,"48,307 km",1st Owner,Petrol + CNG,MH-04,"4,23,600"
2022 MARUTI BREZZA,ZXI + SMART HYBRID,,"1,286 km",1st Owner,Petrol,MH-47,"12,79,000"
2016 Maruti Wagon R 1.0,VXI AMT,Automatic,"59,377 km",1st Owner,Petrol,MH-04,"3,84,000"
2016 Hyundai Creta,1.6 SX PLUS VTVT,Manual,"62,813 km",2nd Owner,Petrol,MH-01,"7,92,000"
2017 Honda WR-V,1.5 i-DTEC VX MT,Manual,"87,880 km",2nd Owner,Diesel,MH-01,"6,84,000"
2018 Ford Ecosport,1.5TITANIUM TDCI,Manual,"83,348 km",1st Owner,Diesel,MH-46,"7,94,000"
2018 Honda Amaze,1.2 V CVT I VTEC,Automatic,"17,187 km",2nd Owner,Petrol,MH-47,"7,13,000"
2017 Hyundai Elite i20,ASTA 1.2,Manual,"28,473 km",2nd Owner,Petrol,MH-04,"5,73,000"
2016 Hyundai Creta,1.6 SX PLUS AUTO PETROL,Automatic,"69,669 km",1st Owner,Petrol,MH-43,"8,69,000"
2020 Maruti New  Wagon-R,LXI CNG 1.0 L,Manual,"93,070 km",1st Owner,Petrol + CNG,MH-47,"5,46,000"
2014 Maruti Wagon R 1.0,LXI CNG,Manual,"71,259 km",2nd Owner,Petrol + CNG,MH-04,"3,35,000"
2016 Maruti Wagon R Stingray,VXI OPT,Manual,"27,435 km",1st Owner,Petrol,MH-04,"4,11,000"
2018 Hyundai Creta,1.6 SX (O) VTVT,Manual,"34,127 km",1st Owner,Petrol,MH-03,"11,34,000"
2022 Tata Tiago,XZ+ CNG 1.2 RTN,,"15,095 km",1st Owner,Petrol + CNG,MH-48,"7,79,000"
2018 Honda Jazz,1.2 V MT,Manual,"15,965 km",1st Owner,Petrol,MH-03,"6,10,000"
2020 Maruti Swift,ZXI + AMT,Automatic,"76,183 km",1st Owner,Petrol,MH-47,"7,64,000"
2017 Maruti Dzire,VXI,Manual,"26,370 km",1st Owner,Petrol,MH-02,"6,16,200"
2016 Hyundai Grand i10,ERA 1.2 VTVT,Manual,"15,747 km",2nd Owner,Petrol,MH-04,"4,04,000"
2019 Ford New Figo,1.2 TITANIUM BLU,Manual,"15,928 km",1st Owner,Petrol,MH-31,"6,04,000"
2018 Maruti Vitara Brezza,VDI OPT,Manual,"76,130 km",2nd Owner,Diesel,MH-47,"8,04,000"
2016 Hyundai Creta,1.6 SX PLUS DIESEL,Manual,"88,095 km",1st Owner,Diesel,MH-04,"9,82,000"
2018 Hyundai Creta,1.6 SX PLUS AUTO PETROL,Automatic,"94,139 km",1st Owner,Petrol,MH-47,"9,96,000"
2015 Maruti Celerio,VXI CNG,Manual,"61,421 km",2nd Owner,Petrol + CNG,MH-06,"3,78,000"
2019 Honda Civic,VX CVT i-VTEC,Automatic,"74,611 km",1st Owner,Petrol,MH-43,"14,92,000"
2015 Ford Ecosport,1.5 TITANIUM TI VCT AT,Automatic,"68,466 km",1st Owner,Petrol,MH-46,"6,03,000"
2021 Maruti Vitara Brezza,ZXI +,Manual,"5,061 km",1st Owner,Petrol,MH-46,"10,56,000"
2014 Maruti Celerio,VXI,Manual,"46,274 km",1st Owner,Petrol,MH-02,"3,65,000"
2020 Hyundai GRAND I10 NIOS,SPORTZ PETROL,Manual,"15,893 km",1st Owner,Petrol,MH-46,"6,55,000"
2017 Hyundai Creta,1.6 SX PLUS AUTO PETROL,Automatic,"27,180 km",1st Owner,Petrol,MH-02,"10,23,000"
2020 KIA SELTOS,1.5 GTX+ AT,Automatic,"34,810 km",1st Owner,Diesel,MH-12,"17,35,000"
2016 Hyundai Elite i20,SPORTZ 1.2,Manual,"38,778 km",1st Owner,Petrol,MH-03,"5,84,000"
2019 Hyundai Elite i20,1.2  ASTA (O) CVT,Automatic,"40,227 km",1st Owner,Petrol,MH-04,"8,16,000"
2016 Ford Ecosport,1.5 TDCI TITANIUM PLUS,Manual,"57,166 km",1st Owner,Diesel,MH-09,"6,78,000"
2016 Honda Amaze,1.2 SMT I VTEC,Manual,"32,931 km",1st Owner,Petrol,MH-48,"4,73,000"
2017 Jeep Compass,2.0 LIMITED,Manual,"51,823 km",1st Owner,Diesel,MH-03,"13,41,000"
2018 Maruti Ciaz,ALPHA 1.4 VVT,Manual,"19,906 km",1st Owner,Petrol,MH-46,"7,14,000"
2018 Hyundai Verna,1.6 CRDI SX + AT,Automatic,"66,831 km",2nd Owner,Diesel,MH-02,"10,22,000"
2017 Jeep Compass,2.0 LIMITED,Manual,"60,476 km",1st Owner,Diesel,MH-02,"11,87,000"
2015 Hyundai Grand i10,SPORTZ 1.2 KAPPA VTVT,Manual,"38,372 km",2nd Owner,Petrol,MH-43,"3,94,000"
2021 Datsun Redi Go,1.0 T(O) AT,Automatic,"1,733 km",1st Owner,Petrol,MH-43,"4,68,000"
2018 Jeep Compass,LIMITED O 1.4 AT,Automatic,"75,430 km",1st Owner,Petrol,MH-05,"14,14,000"
2016 Honda Jazz,1.2 V MT,Manual,"74,645 km",1st Owner,Petrol,MH-03,"4,75,000"
2016 Hyundai Creta,1.6 S,Manual,"13,826 km",1st Owner,Petrol,MH-43,"8,29,000"
2019 Skoda Rapid,1.6 MPI STYLE AT,Automatic,"16,826 km",1st Owner,Petrol,MH-03,"9,08,000"
2015 Maruti Ciaz,ZXI PLUS,Manual,"89,902 km",1st Owner,Petrol,MH-01,"5,80,000"
2020 Honda Civic,ZX CVT PETROL,Automatic,"47,283 km",1st Owner,Petrol,MH-48,"17,90,000"
2021 Maruti New  Wagon-R,LXI CNG 1.0 L,Manual,"24,347 km",2nd Owner,Petrol + CNG,MH-05,"6,26,000"
2018 Maruti Wagon R 1.0,LXI CNG,Manual,"64,888 km",1st Owner,Petrol + CNG,MH-47,"4,87,000"
2018 Maruti Celerio,VXI CNG OPT,Manual,"81,565 km",1st Owner,Petrol + CNG,MH-04,"4,66,000"
2013 Maruti Swift,VXI,Manual,"37,591 km",1st Owner,Petrol,MH-02,"4,08,000"
2020 KIA SONET,GTX PLUS DCT 1.0,,"12,049 km",1st Owner,Petrol,MH-27,"13,01,000"
2016 Hyundai Grand i10,MAGNA 1.2 VTVT,Manual,"64,681 km",1st Owner,Petrol,MH-02,"4,31,000"
2013 Maruti Swift Dzire,VXI,Manual,"46,227 km",1st Owner,Petrol,MH-02,"4,36,000"
2017 Honda Jazz,VX  1.2,Manual,"15,621 km",1st Owner,Petrol,MH-04,"5,79,000"
2017 Maruti Wagon R 1.0,VXI,Manual,"39,375 km",1st Owner,Petrol,MH-01,"4,37,000"
2018 Maruti Wagon R 1.0,LXI CNG,Manual,"53,840 km",1st Owner,Petrol + CNG,MH-05,"4,57,000"
2017 Maruti Baleno,ALPHA PETROL 1.2,,"71,697 km",1st Owner,Petrol,MH-46,"5,98,000"
2018 Maruti Vitara Brezza,ZDI PLUS,Manual,"27,728 km",1st Owner,Diesel,MH-46,"9,61,000"
2017 Hyundai Creta,1.6 CRDI SX PLUS AUTO,Automatic,"86,508 km",1st Owner,Diesel,MH-46,"10,99,000"
2016 Hyundai Xcent,SX 1.2,Manual,"58,481 km",1st Owner,Petrol,MH-04,"5,15,000"
2021 Mahindra XUV 3OO,1.2 W6 MT,,"9,814 km",1st Owner,Petrol,MH-01,"9,36,000"
2018 Maruti Ciaz,ALPHA 1.5 MT VTVT SHVS,Manual,"81,038 km",2nd Owner,Petrol,MH-01,"7,80,000"
2014 Maruti Wagon R 1.0,LXI CNG,Manual,"33,025 km",1st Owner,Petrol + CNG,MH-02,"3,85,000"
2017 Hyundai Creta,1.6 E + VTVT,Manual,"43,475 km",1st Owner,Petrol,MH-46,"7,98,000"
2020 Skoda Rapid,ACTIVE 1.0 TSI,Manual,"47,223 km",1st Owner,Petrol,MH-43,"8,58,000"
2016 Maruti Wagon R 1.0,LXI CNG,Manual,"74,871 km",1st Owner,Petrol + CNG,MH-46,"3,90,000"
2015 Hyundai Creta,1.6 SX PLUS PETROL,Manual,"55,519 km",1st Owner,Petrol,MH-02,"8,15,000"
2020 KIA SELTOS,HTK PLUS 1.5 DIESEL,Manual,"26,188 km",1st Owner,Diesel,MH-04,"14,15,000"
2020 Hyundai GRAND I10 NIOS,SPORTZ PETROL,Manual,"10,826 km",2nd Owner,Petrol,MH-01,"6,22,000"
2020 Maruti S PRESSO,VXI CNG,Manual,"16,653 km",1st Owner,Petrol + CNG,MH-47,"4,77,000"
2019 Tata NEXON,XZ+ 1.5,Manual,"16,708 km",2nd Owner,Diesel,MH-01,"8,73,000"
2020 Hyundai Creta,1.4 SX(O) TURBO GDI DCT DUAL TONE,,"12,494 km",1st Owner,Petrol,MH-03,"18,47,000"
2018 Honda City,ZX CVT,Automatic,"34,412 km",1st Owner,Petrol,MH-03,"10,87,000"
2018 Maruti Wagon R 1.0,LXI CNG,Manual,"68,145 km",1st Owner,Petrol + CNG,MH-03,"4,87,000"
2017 Maruti IGNIS,DELTA 1.2 K12 AMT,Automatic,"6,511 km",2nd Owner,Petrol,MH-47,"5,24,000"
2021 Maruti Alto,LXI OPT,Manual,"9,718 km",1st Owner,Petrol,MH-01,"3,91,000"
2016 Maruti Alto K10,LXI CNG,Manual,"62,922 km",1st Owner,Petrol + CNG,MH-05,"3,37,000"
2020 Maruti Dzire,ZXI Plus AMT,Automatic,"7,295 km",1st Owner,Petrol,MH-47,"8,40,000"
2018 Maruti Dzire,ZXI,Manual,"32,621 km",1st Owner,Petrol,MH-01,"6,70,000"
2018 Toyota Corolla Altis,G,Manual,"53,788 km",1st Owner,Petrol,MH-01,"10,22,000"
2016 Maruti Wagon R 1.0,VXI AMT,Automatic,"40,702 km",2nd Owner,Petrol + CNG,MH-46,"4,12,000"
2015 Honda City,VX MT PETROL,Manual,"59,727 km",2nd Owner,Petrol,MH-02,"6,64,000"
2019 Honda Civic,ZX CVT PETROL,Automatic,"24,463 km",1st Owner,Petrol,MH-01,"19,33,000"
2019 Maruti Wagon R 1.0,LXI CNG,Manual,"27,791 km",1st Owner,Petrol + CNG,MH-05,"5,04,000"
2017 Maruti Baleno,ALPHA 1.2 K12,Manual,"41,572 km",1st Owner,Petrol,MH-04,"5,99,000"
2020 Hyundai Creta,1.6 SX AT CRDI,Automatic,"59,605 km",1st Owner,Diesel,MH-12,"16,45,000"
2016 Maruti Ciaz,VDI+ SHVS,Manual,"91,147 km",2nd Owner,Diesel,MH-04,"6,09,000"
2020 Hyundai GRAND I10 NIOS,SPORTZ PETROL,Manual,"3,309 km",1st Owner,Petrol,MH-48,"6,84,000"
2019 KIA SELTOS,GTX+ 1.4 MT,Manual,"12,554 km",1st Owner,Petrol,MH-03,"14,51,000"
2021 Skoda Rapid,1.0 AMBITION TSI AT,Automatic,"4,384 km",1st Owner,Petrol,MH-02,"10,78,000"
2014 Maruti Swift Dzire,ZXI 1.2 BS IV,Manual,"55,095 km",1st Owner,Petrol,MH-05,"4,88,000"
2018 Maruti Celerio,VXI CNG,Manual,"52,509 km",1st Owner,Petrol + CNG,MH-04,"5,24,000"
2019 Maruti Swift,ZXI + AMT,Automatic,"36,333 km",1st Owner,Petrol,MH-46,"7,63,000"
2016 Maruti Ciaz,ZDI SHVS,Manual,"64,010 km",1st Owner,Diesel,MH-47,"7,25,000"
2017 Ford Ecosport,1.5 TITANIUM TI VCT AT,Automatic,"53,165 km",2nd Owner,Petrol,MH-43,"6,57,000"
2019 Hyundai Elite i20,1.2 SPORTS PLUS VTVT CVT,Automatic,"14,449 km",1st Owner,Petrol,MH-03,"8,09,000"
2016 Honda Jazz,1.2 S MT,Manual,"53,127 km",1st Owner,Petrol,MH-03,"4,97,000"
2018 Maruti IGNIS,ZETA 1.2 K12,Manual,"65,476 km",1st Owner,Petrol,MH-03,"4,83,000"
2021 Maruti New  Wagon-R,1.0 Lxi (o) cng,Manual,"15,194 km",1st Owner,Petrol + CNG,MH-09,"6,76,000"
2018 Maruti Dzire,VDI,Manual,"52,228 km",1st Owner,Diesel,MH-04,"7,42,000"
2016 Maruti Swift,ZXI,Manual,"81,517 km",1st Owner,Petrol,MH-43,"4,97,000"
2021 Tata Safari,XZ+ 2.0 KRYOTEC,Manual,"12,120 km",1st Owner,Diesel,MH-05,"21,18,000"
2021 Tata NEXON,XZ+ OPT PETROL,Manual,"8,696 km",1st Owner,Petrol,MH-04,"11,95,000"
2019 Hyundai VENUE,1.0L Turbo GDI SX MT,Manual,"16,049 km",1st Owner,Petrol,MH-47,"9,79,000"
2017 Maruti Baleno,ALPHA CVT PETROL 1.2,,"75,854 km",1st Owner,Petrol,MH-04,"6,05,000"
2021 Tata ALTROZ,XZ+ 1.5 RTQ,,"26,322 km",1st Owner,Diesel,MH-02,"10,41,000"
2020 Honda City,VX CVT PETROL,Automatic,"18,665 km",1st Owner,Petrol,MH-43,"12,81,000"
2018 Maruti Alto K10,LXI CNG (O),Manual,"30,913 km",1st Owner,Petrol + CNG,MH-43,"3,70,000"
2017 Maruti Dzire,VDI,Manual,"42,688 km",1st Owner,Diesel,MH-47,"7,06,000"
2020 Toyota URBAN CRUISER,PREMIUM DUAL TONE AT,,"15,821 km",2nd Owner,Petrol,MH-05,"10,40,000"
2018 Hyundai Creta,1.6 CRDI SX PLUS AUTO,Automatic,"71,983 km",2nd Owner,Diesel,MH-47,"11,61,000"
2016 Maruti Wagon R 1.0,LXI CNG,Manual,"81,201 km",2nd Owner,Petrol + CNG,MH-47,"3,77,000"
2018 Maruti Celerio,VXI CNG,Manual,"72,477 km",1st Owner,Petrol + CNG,MH-04,"4,74,000"
2021 Maruti S PRESSO,LXI CNG,Manual,"15,273 km",2nd Owner,Petrol + CNG,MH-04,"5,44,000"
2019 Maruti Alto 800,LXI CNG,Manual,"91,485 km",1st Owner,Petrol + CNG,MH-04,"3,46,000"
2016 Maruti Alto 800,VXI (O),Manual,"13,767 km",1st Owner,Petrol,MH-46,"2,91,000"
2017 Maruti Baleno,ALPHA PETROL 1.2,,"23,551 km",1st Owner,Petrol,MH-03,"6,21,000"
2018 Honda Jazz,1.5 V I DTEC,Manual,"70,315 km",2nd Owner,Diesel,MH-15,"6,30,000"
2020 Tata ALTROZ,XZ 1.2,Manual,"14,774 km",1st Owner,Petrol,MH-20,"8,32,000"
2020 MG HECTOR,SHARP DCT PETROL,Automatic,"39,173 km",1st Owner,Petrol,MH-17,"16,15,000"
2019 Maruti New  Wagon-R,VXI 1.2L,Manual,"4,096 km",1st Owner,Petrol,MH-03,"5,56,000"
2019 Maruti Celerio,VXI CNG,Manual,"38,428 km",2nd Owner,Petrol + CNG,MH-03,"5,43,000"
2013 Maruti Swift Dzire,VXI,Manual,"68,940 km",1st Owner,Petrol,MH-43,"4,28,000"
2018 Hyundai Creta,1.6 VTVT SX AUTO,Automatic,"21,198 km",2nd Owner,Petrol,MH-05,"12,72,000"
2014 Honda Brio,1.2 S MT I VTEC,Manual,"45,092 km",1st Owner,Petrol,MH-43,"3,84,000"
2017 Hyundai Elite i20,ASTA 1.2,Manual,"38,013 km",1st Owner,Petrol,MH-04,"6,50,000"
2018 Maruti IGNIS,DELTA 1.2 K12,Manual,"4,975 km",2nd Owner,Petrol,MH-05,"5,14,000"
2022 Renault Duster,RXZ CVT 1.3 TURBO,Automatic,"9,871 km",1st Owner,Petrol,MH-02,"14,48,000"
2021 Maruti Dzire,VXI AMT,Automatic,"2,680 km",1st Owner,Petrol,MH-04,"7,98,000"
2019 Maruti Vitara Brezza,ZDI PLUS,Manual,"20,198 km",1st Owner,Diesel,MH-05,"10,14,000"
2019 Maruti Vitara Brezza,ZDI PLUS,Manual,"45,213 km",1st Owner,Diesel,MH-01,"9,61,000"
2012 Maruti Swift,ZXI,Manual,"45,559 km",1st Owner,Petrol,MH-02,"3,94,000"
2018 Maruti Celerio,ZXI OPT AMT,Automatic,"27,234 km",1st Owner,Petrol,MH-05,"4,68,000"
2013 Honda Amaze,1.2 SMT I VTEC,Manual,"64,911 km",2nd Owner,Petrol,MH-04,"3,85,000"
2019 Maruti Alto K10,VXI AMT,Automatic,"11,597 km",1st Owner,Petrol,MH-02,"4,41,000"
2019 Honda City,V MT PETROL,Manual,"14,619 km",2nd Owner,Petrol,MH-01,"8,53,000"
2018 Honda WR-V,1.5 i-DTEC VX MT,Manual,"52,753 km",1st Owner,Diesel,MH-03,"8,34,000"
2018 Maruti Wagon R 1.0,LXI CNG,Manual,"55,714 km",2nd Owner,Petrol + CNG,MH-04,"4,75,000"
2018 Hyundai Grand i10,SPORTZ AT 1.2 KAPPA VTVT,Automatic,"17,198 km",2nd Owner,Petrol,MH-05,"6,00,000"
2022 Honda City,VX CVT PETROL,Automatic,"8,145 km",1st Owner,Petrol,MH-05,"14,85,000"
2019 Hyundai Verna,1.6 SX VTVT,Manual,"36,570 km",1st Owner,Petrol,MH-47,"8,90,000"
2017 Hyundai Grand i10,SPORTZ (O) 1.2 AT VTVT,Automatic,"49,474 km",1st Owner,Petrol,MH-12,"5,33,000"
2021 Honda City,V MT PETROL,Manual,"1,444 km",1st Owner,Petrol,MH-04,"11,14,000"
2017 Honda WR-V,1.5 i-DTEC VX MT,Manual,"60,604 km",2nd Owner,Diesel,MH-01,"7,11,000"
2019 MG HECTOR,SHARP DCT PETROL,Automatic,"29,646 km",1st Owner,Petrol,MH-46,"16,15,000"
2013 Honda Amaze,1.2 SMT I VTEC,Manual,"72,998 km",1st Owner,Petrol,MH-02,"4,05,000"
2019 Hyundai NEW SANTRO,1.1 SPORTZ MT CNG,,"19,020 km",1st Owner,Petrol + CNG,MH-04,"5,54,000"
2022 Maruti Celerio,VXI CNG,Manual,"1,793 km",1st Owner,Petrol + CNG,MH-46,"6,69,700"
2018 Maruti Wagon R 1.0,LXI CNG,Manual,"17,067 km",1st Owner,Petrol + CNG,MH-05,"4,96,000"
2018 Hyundai Tucson New,2WD AT GLS PETROL,Automatic,"33,304 km",2nd Owner,Petrol,MH-01,"17,05,000"
2018 Honda WR-V,1.2 i-VTEC VX MT,Manual,"13,168 km",1st Owner,Petrol,MH-01,"8,45,000"
2019 Maruti Dzire,VXI,Manual,"11,522 km",1st Owner,Petrol,MH-02,"6,98,000"
2017 Maruti Wagon R 1.0,VXI+ OPT. AMT,Automatic,"11,549 km",1st Owner,Petrol,MH-03,"4,87,000"
2020 Toyota URBAN CRUISER,Premium AT,,"10,051 km",1st Owner,Petrol,MH-02,"11,43,000"
2017 Maruti Ciaz,ZDI SHVS,Manual,"95,205 km",1st Owner,Diesel,MH-02,"7,01,000"
2021 Honda WR-V,1.2 SV MT,Manual,"3,427 km",1st Owner,Petrol,MH-03,"8,91,000"
2017 Maruti Dzire,VXI AMT,Automatic,"32,005 km",1st Owner,Petrol,MH-05,"6,83,000"
2018 Toyota Corolla Altis,G,Manual,"19,123 km",1st Owner,Petrol,MH-01,"11,40,000"
2019 Maruti New  Wagon-R,VXI 1.0,Manual,"19,720 km",1st Owner,Petrol,MH-05,"5,30,000"
2017 Hyundai Creta,1.6 E + VTVT,Manual,"47,978 km",1st Owner,Petrol,MH-02,"8,50,000"
2020 Maruti S PRESSO,VXI CNG,Manual,"53,393 km",2nd Owner,Petrol + CNG,MH-05,"5,13,000"
2019 Tata Harrier,XZ 2.0L Kryotec,Manual,"50,011 km",1st Owner,Diesel,MH-04,"14,72,000"
2021 Maruti Dzire,ZXI Plus,Manual,"2,246 km",1st Owner,Petrol,MH-47,"8,57,000"
2018 Maruti Baleno,DELTA PETROL 1.2,,"12,330 km",1st Owner,Petrol,MH-01,"6,04,000"
2020 Maruti Vitara Brezza,VXI,Manual,"14,473 km",1st Owner,Petrol,MH-04,"9,07,000"
2013 Maruti Swift,VXI,Manual,"39,383 km",1st Owner,Petrol,MH-04,"3,96,000"
2019 Hyundai NEW SANTRO,SPORTZ AMT ANNIVERSARY EDITION,Automatic,"6,335 km",1st Owner,Petrol,MH-04,"5,89,000"
2021 Hyundai VENUE,1.0L Turbo GDI SX(O) MT,Manual,"9,646 km",1st Owner,Petrol,MH-03,"11,04,000"
2017 Maruti Wagon R 1.0,VXI,Manual,"36,514 km",1st Owner,Petrol,MH-48,"4,17,000"
2013 Maruti Wagon R 1.0,LXI CNG,Manual,"82,740 km",2nd Owner,Petrol + CNG,MH-04,"3,22,000"
2020 Maruti New  Wagon-R,LXI CNG 1.0 L,Manual,"35,592 km",1st Owner,Petrol + CNG,MH-43,"6,10,000"
2017 Maruti Wagon R 1.0,LXI CNG,Manual,"39,558 km",1st Owner,Petrol + CNG,MH-04,"4,65,000"
2017 Maruti Baleno,ALPHA 1.2 K12,Manual,"44,903 km",1st Owner,Petrol,MH-03,"6,27,000"
2018 Maruti Alto K10,VXI OPT,Manual,"17,888 km",1st Owner,Petrol,MH-04,"3,84,000"
2021 Maruti New  Wagon-R,LXI CNG 1.0 L,Manual,"29,011 km",1st Owner,Petrol + CNG,MH-47,"6,56,000"
2018 Maruti Ciaz,ZETA 1.4 VVT,Automatic,"43,764 km",1st Owner,Petrol,MH-46,"7,26,000"
2018 Hyundai GRAND i10 PRIME,T+ CNG,,"39,732 km",1st Owner,Petrol + CNG,MH-02,"5,26,000"
2019 Hyundai Verna,1.6 SX VTVT AT (O),Automatic,"27,612 km",1st Owner,Petrol,MH-04,"11,68,000"
2017 Jeep Compass,LIMITED (O) 2.0 4*4,Manual,"63,497 km",2nd Owner,Diesel,MH-47,"12,84,000"
2020 Maruti Baleno,ZETA PETROL 1.2,,"6,307 km",1st Owner,Petrol,MH-03,"7,82,000"
2020 Maruti S PRESSO,VXI CNG,Manual,"18,982 km",1st Owner,Petrol + CNG,MH-46,"5,61,000"
2021 Maruti New  Wagon-R,LXI CNG 1.0 L,Manual,"14,095 km",2nd Owner,Petrol + CNG,MH-05,"6,87,000"
2020 Honda City,V CVT,Automatic,"11,546 km",1st Owner,Petrol,MH-01,"12,01,000"
2014 Hyundai i20,ASTA 1.2,Manual,"37,592 km",1st Owner,Petrol,MH-02,"5,07,000"
2018 Hyundai Creta,1.6 S PLUS AT CRDI,Automatic,"48,761 km",1st Owner,Diesel,MH-47,"12,61,000"
2016 Maruti Wagon R 1.0,VXI,Manual,"21,930 km",1st Owner,Petrol,MH-46,"4,07,000"
2016 Maruti Alto 800,VXI,Manual,"34,370 km",2nd Owner,Petrol,MH-48,"2,81,000"
2014 Maruti Wagon R 1.0,LXI CNG,Manual,"83,997 km",1st Owner,Petrol + CNG,MH-02,"3,69,000"
2021 Maruti S PRESSO,VXI CNG,Manual,"23,619 km",1st Owner,Petrol + CNG,MH-01,"5,19,000"
2018 Toyota YARIS,VX CVT,,"21,280 km",1st Owner,Petrol,MH-03,"10,01,000"
2019 Honda Civic,ZX CVT PETROL,Automatic,"38,030 km",1st Owner,Petrol,MH-02,"18,77,000"
2016 Toyota Corolla Altis,G,Manual,"80,440 km",1st Owner,Petrol,MH-43,"8,05,000"
2014 Maruti Wagon R 1.0,LXI CNG,Manual,"23,396 km",1st Owner,Petrol + CNG,MH-03,"3,91,000"
2020 Hyundai GRAND I10 NIOS,Asta Petrol,Manual,"8,193 km",1st Owner,Petrol,MH-02,"7,09,000"
2017 Maruti Swift,VXI OPT,Manual,"7,310 km",1st Owner,Petrol,MH-05,"5,97,000"
2019 Maruti Alto,VXI,Manual,"20,492 km",1st Owner,Petrol,MH-06,"4,00,000"
2018 Maruti Celerio,VXI CNG OPT,Manual,"40,479 km",1st Owner,Petrol + CNG,MH-05,"5,42,000"
2021 Maruti New  Wagon-R,LXI CNG 1.0 L,Manual,"13,084 km",1st Owner,Petrol + CNG,MH-05,"6,87,000"
2016 Maruti Celerio,ZXI AMT,Automatic,"28,285 km",2nd Owner,Petrol,MH-47,"4,14,000"
2022 Honda City,ZX MT PETROL,Manual,"4,940 km",1st Owner,Petrol,MH-01,"14,48,000"
2018 Maruti Celerio,VXI CNG,Manual,"26,129 km",1st Owner,Petrol + CNG,MH-01,"5,18,000"
2020 Honda Amaze,1.2 VX CVT I VTEC,Automatic,"3,438 km",1st Owner,Petrol,MH-03,"9,54,000"
2022 Maruti Ciaz,1.5 ZETA VVT SHVS AT,Automatic,220 km,1st Owner,Petrol,MH-02,"11,92,000"
2021 Honda City,V MT PETROL,Manual,"3,252 km",1st Owner,Petrol,MH-04,"10,95,000"
2015 Maruti Ciaz,ZXI,Manual,"81,604 km",1st Owner,Petrol,MH-01,"5,50,000"
2019 Hyundai NEW SANTRO,SPORTZ 1.1,Manual,"7,676 km",1st Owner,Petrol,MH-03,"5,26,000"
2017 Hyundai Elite i20,SPORTZ 1.2,Manual,"16,965 km",1st Owner,Petrol,MH-04,"6,38,000"
2016 Maruti Alto 800,VXI,Manual,"61,973 km",1st Owner,Petrol,MH-48,"3,16,000"
2017 Maruti Vitara Brezza,ZDI,Manual,"74,135 km",1st Owner,Diesel,MH-43,"8,27,000"
2021 Toyota Glanza,G MT PETROL,Manual,"20,314 km",1st Owner,Petrol,MH-02,"7,45,000"
2017 Maruti Celerio,VXI CNG,Manual,"52,013 km",1st Owner,Petrol + CNG,MH-47,"4,63,000"
2021 Mahindra XUV 3OO,W8 (O) DIESEL  AT,Automatic,"29,546 km",1st Owner,Diesel,MH-03,"14,45,000"
2017 Maruti Swift,VXI OPT,Manual,"37,414 km",1st Owner,Petrol,MH-46,"5,51,000"
2017 Maruti Baleno,ZETA PETROL 1.2,,"31,239 km",1st Owner,Petrol,MH-03,"6,00,000"
2014 Maruti Celerio,ZXI OPT,Manual,"30,402 km",1st Owner,Petrol,MH-46,"4,21,000"
2022 Hyundai GRAND I10 NIOS,SPORTZ CNG MT,Manual,"5,527 km",1st Owner,Petrol + CNG,MH-04,"8,78,000"
2018 Maruti Wagon R 1.0,LXI CNG,Manual,"35,275 km",1st Owner,Petrol + CNG,MH-04,"5,01,000"
2017 Maruti Wagon R 1.0,LXI CNG,Manual,"44,610 km",1st Owner,Petrol + CNG,MH-02,"4,59,000"
2020 Hyundai NEW SANTRO,1.1 SPORTS AMT,Automatic,"13,092 km",1st Owner,Petrol,MH-02,"5,74,000"
2016 Maruti Ciaz,ZXI+ AT,Automatic,"60,705 km",1st Owner,Petrol,MH-02,"6,24,000"
2016 Maruti Baleno,ZETA DIESEL 1.3,Manual,"66,765 km",2nd Owner,Diesel,MH-01,"5,96,000"
2021 Maruti Alto,LXI CNG (O),Manual,"28,124 km",1st Owner,Petrol + CNG,MH-05,"4,94,000"
2020 Hyundai NEW SANTRO,SPORTZ 1.1,Manual,"32,699 km",1st Owner,Petrol,MH-06,"5,12,000"
2018 Hyundai Grand i10,SPORTZ AT 1.2 KAPPA VTVT,Automatic,"18,745 km",1st Owner,Petrol,MH-03,"6,36,000"
2018 Maruti Wagon R 1.0,LXI CNG,Manual,"74,342 km",1st Owner,Petrol + CNG,MH-05,"4,75,000"
2021 Maruti New  Wagon-R,1.0 Lxi (o) cng,Manual,"18,952 km",1st Owner,Petrol + CNG,MH-04,"6,81,000"
2021 Maruti New  Wagon-R,LXI CNG 1.0 L,Manual,"16,328 km",1st Owner,Petrol + CNG,MH-05,"6,87,000"
2019 Maruti Celerio,VXI CNG,Manual,"38,604 km",1st Owner,Petrol + CNG,MH-05,"5,57,000"
2017 Maruti Swift,VXI OPT,Manual,"23,307 km",1st Owner,Petrol,MH-05,"5,47,000"
2021 Volkswagen Vento,Highline 1.0 TSI MT,Manual,"8,689 km",1st Owner,Petrol,MH-46,"10,75,000"
2021 Hyundai VENUE,1.0L Turbo GDI SX MT,Manual,"16,083 km",1st Owner,Petrol,MH-02,"10,50,000"
2016 Maruti Celerio,VXI CNG,Manual,"57,454 km",1st Owner,Petrol + CNG,MH-02,"4,38,000"
2019 Hyundai NEW SANTRO,1.1 SPORTZ MT CNG,,"94,051 km",1st Owner,Petrol + CNG,MH-16,"5,24,000"
2014 Maruti Wagon R 1.0,LXI CNG,Manual,"74,762 km",1st Owner,Petrol + CNG,MH-48,"3,54,000"
2014 Maruti Wagon R 1.0,LXI CNG,Manual,"85,561 km",1st Owner,Petrol + CNG,MH-46,"3,75,000"
2022 Hyundai GRAND I10 NIOS,SPORTZ CNG MT,Manual,"1,648 km",1st Owner,Petrol + CNG,MH-46,"8,51,000"
2020 Maruti New  Wagon-R,LXI CNG 1.0 L,Manual,"47,309 km",1st Owner,Petrol + CNG,MH-04,"6,10,000"
2019 Hyundai Verna,1.6 SX+ VTVT AT,Automatic,"27,105 km",1st Owner,Petrol,MH-47,"10,48,000"
2019 Maruti Celerio,VXI CNG,Manual,"50,700 km",2nd Owner,Petrol + CNG,MH-12,"4,81,000"
2021 Volkswagen Vento,HIGHLINE PLUS 1.0 TSI AT,Automatic,"18,774 km",1st Owner,Petrol,MH-06,"13,35,000"
2016 Maruti Celerio,ZXI AMT,Automatic,"46,100 km",1st Owner,Petrol,MH-01,"4,37,000"
2019 Maruti Baleno,ALPHA PETROL 1.2,,"12,854 km",1st Owner,Petrol,MH-01,"7,47,000"
2017 Maruti Wagon R 1.0,LXI CNG,Manual,"36,847 km",2nd Owner,Petrol + CNG,MH-43,"4,26,000"
2018 Maruti Celerio,VXI CNG,Manual,"25,621 km",1st Owner,Petrol + CNG,MH-47,"5,31,000"
2018 Maruti Ciaz,ZETA 1.4 VVT AMT,Automatic,"26,991 km",1st Owner,Petrol,MH-47,"8,29,000"
2016 Hyundai Creta,1.6 SX PLUS VTVT,Manual,"52,905 km",1st Owner,Petrol,MH-02,"8,70,000"
2016 Maruti Celerio,VXI CNG,Manual,"75,189 km",1st Owner,Petrol + CNG,MH-05,"4,37,000"
2019 Maruti Baleno,ALPHA CVT PETROL 1.2,,"32,286 km",1st Owner,Petrol,MH-02,"7,97,000"
2013 Hyundai Grand i10,MAGNA 1.2 VTVT,Manual,"33,223 km",1st Owner,Petrol,MH-01,"3,57,000"
2021 Maruti Dzire,ZXI Plus AMT,Automatic,"10,804 km",1st Owner,Petrol,MH-05,"8,54,000"
2018 Maruti Wagon R 1.0,LXI CNG,Manual,"27,720 km",1st Owner,Petrol + CNG,MH-02,"5,13,000"
2016 Maruti Wagon R 1.0,VXI,Manual,"34,441 km",1st Owner,Petrol,MH-05,"3,93,000"
2016 Hyundai Elite i20,MAGNA 1.2,Manual,"28,734 km",2nd Owner,Petrol,MH-01,"5,49,000"
2018 Maruti Celerio,VXI CNG OPT,Manual,"36,700 km",1st Owner,Petrol + CNG,MH-05,"5,34,000"
2020 Maruti New  Wagon-R,ZXI 1.2,Manual,"9,219 km",1st Owner,Petrol,MH-47,"6,50,000"
2018 Maruti Ciaz,ALPHA 1.4 VVT AMT,Automatic,"46,970 km",1st Owner,Petrol,MH-47,"8,01,000"
2021 Maruti New  Wagon-R,ZXI 1.2,Manual,"3,955 km",2nd Owner,Petrol,MH-01,"6,39,000"
2017 Maruti Celerio,VXI CNG,Manual,"49,965 km",1st Owner,Petrol + CNG,MH-46,"4,72,000"
2016 Maruti Celerio,VXI CNG,Manual,"19,127 km",1st Owner,Petrol + CNG,MH-47,"4,80,000"
2021 Hyundai NEW SANTRO,SPORTZ EXECUTIVE CNG,Manual,"21,518 km",1st Owner,Petrol + CNG,MH-04,"6,59,000"
2018 Maruti Wagon R 1.0,LXI CNG,Manual,"51,092 km",1st Owner,Petrol + CNG,MH-05,"4,97,000"
2018 Maruti Baleno,ZETA CVT PETROL 1.2,,"22,889 km",1st Owner,Petrol,MH-43,"6,62,000"
2016 Maruti Baleno,ZETA 1.2 K12,Manual,"53,099 km",1st Owner,Petrol,MH-47,"5,61,000"
2018 Maruti Ciaz,ALPHA 1.4 VVT,Manual,"59,588 km",1st Owner,Petrol,MH-46,"7,43,000"
2017 Maruti Wagon R 1.0,LXI CNG,Manual,"50,351 km",1st Owner,Petrol + CNG,MH-43,"4,65,000"
2021 Maruti Alto,LXI CNG,Manual,"16,506 km",1st Owner,Petrol + CNG,MH-03,"4,88,000"
2017 Maruti Wagon R 1.0,VXI+ OPT. AMT,Automatic,"70,418 km",1st Owner,Petrol,MH-05,"4,37,000"
2017 Maruti IGNIS,ZETA 1.2 K12 AMT DUAL TONE,Automatic,"25,026 km",1st Owner,Petrol,MH-02,"5,93,000"
2019 Maruti Alto 800,LXI,Manual,"12,272 km",1st Owner,Petrol,MH-04,"3,40,000"
2019 Hyundai VENUE,1.0L Turbo GDI SX(O) MT,Manual,"10,645 km",1st Owner,Petrol,MH-02,"10,90,000"
2017 Honda Jazz,1.2 V AT,Automatic,"47,262 km",1st Owner,Petrol,MH-43,"6,47,000"
2016 Maruti Ciaz,VXI,Manual,"66,798 km",1st Owner,Petrol,MH-47,"6,23,000"
2018 Maruti Celerio,VXI CNG OPT,Manual,"31,954 km",1st Owner,Petrol + CNG,MH-03,"5,44,000"
2016 Maruti Celerio,VXI CNG,Manual,"41,180 km",2nd Owner,Petrol + CNG,MH-05,"4,51,000"
2021 Maruti S PRESSO,LXI CNG,Manual,"4,228 km",1st Owner,Petrol + CNG,MH-02,"5,86,000"
2016 Maruti Wagon R 1.0,VXI AMT,Automatic,"43,617 km",2nd Owner,Petrol,MH-04,"3,71,000"
2017 Honda City,VX MT PETROL,Manual,"42,205 km",1st Owner,Petrol,MH-04,"8,96,000"
2018 Maruti Alto 800,VXI,Manual,"16,261 km",1st Owner,Petrol,MH-01,"3,59,000"
2018 Maruti Wagon R 1.0,LXI CNG,Manual,"37,771 km",2nd Owner,Petrol + CNG,MH-01,"4,82,000"
2017 Honda Jazz,1.2 SV MT,Manual,"44,178 km",1st Owner,Petrol,MH-05,"5,26,000"
2017 Maruti Baleno,ALPHA PETROL 1.2,Manual,"26,054 km",1st Owner,Petrol,MH-04,"6,25,000"
2019 Tata NEXON,XZA+ 1.5,Automatic,"75,084 km",1st Owner,Diesel,MH-04,"10,71,000"
2020 Maruti Baleno,ZETA CVT PETROL 1.2,,"12,537 km",1st Owner,Petrol,MH-02,"8,25,000"
2018 Maruti Celerio,VXI CNG,Manual,"28,738 km",1st Owner,Petrol + CNG,MH-47,"5,31,000"
2019 Maruti New  Wagon-R,LXI CNG 1.0 L,Manual,"34,594 km",1st Owner,Petrol + CNG,MH-43,"5,95,000"
2018 Honda Amaze,1.2 V CVT I VTEC,Automatic,"19,223 km",1st Owner,Petrol,MH-01,"7,42,000"
2020 Tata ALTROZ,XZ 1.2,Manual,"32,945 km",1st Owner,Petrol,MH-05,"7,28,000"
2017 Honda Jazz,1.2 SV MT,Manual,"83,998 km",2nd Owner,Petrol,MH-02,"4,97,000"
2019 Hyundai Verna,1.6 SX VTVT (O),Manual,"36,418 km",1st Owner,Petrol,MH-05,"10,52,000"
2021 Maruti New  Wagon-R,LXI CNG 1.0 L,Manual,"15,954 km",1st Owner,Petrol + CNG,MH-04,"6,87,000"
2018 Toyota YARIS,VX CVT,Automatic,"36,878 km",1st Owner,Petrol,MH-01,"10,45,000"
2020 Skoda Rapid,1.0 AMBITION TSI AT,Automatic,"27,915 km",1st Owner,Petrol,MH-04,"9,99,000"
2018 Hyundai Elite i20,SPORTZ 1.2,Manual,"39,507 km",1st Owner,Petrol,MH-05,"6,29,000"
2015 Maruti Wagon R 1.0,VXI,Manual,"39,522 km",1st Owner,Petrol,MH-01,"3,90,000"
2018 Honda City,ZX CVT,Automatic,"69,922 km",1st Owner,Petrol,MH-05,"10,48,000"
2017 Ford Ecosport,1.5 TITANIUM PLUS TI VCT AT,Automatic,"10,383 km",1st Owner,Petrol,MH-02,"9,70,000"
2018 Hyundai Eon,ERA PLUS,Manual,"11,944 km",1st Owner,Petrol,MH-01,"3,57,000"
2021 Maruti Baleno,ZETA CVT PETROL 1.2,,"14,705 km",1st Owner,Petrol,MH-01,"9,25,000"
2021 Skoda Rapid,STYLE 1.0 AT,Automatic,"7,390 km",1st Owner,Petrol,MH-04,"12,22,000"
2020 Tata ALTROZ,XZ 1.2,Manual,"27,911 km",1st Owner,Petrol,MH-04,"7,74,000"
2022 Honda City,ZX MT PETROL,Manual,"2,738 km",1st Owner,Petrol,MH-48,"14,50,000"
2017 Maruti Celerio,ZXI AMT,Automatic,"27,872 km",1st Owner,Petrol,MH-05,"4,92,000"
2018 Maruti Celerio,ZXI,Manual,"7,001 km",1st Owner,Petrol,MH-02,"5,12,000"
2022 Maruti Ciaz,ALPHA 1.5 MT VTVT SHVS,Manual,188 km,1st Owner,Petrol,MH-02,"11,67,000"
2017 Maruti Swift,VXI,Manual,"14,442 km",1st Owner,Petrol,MH-04,"5,77,000"
2018 Maruti Wagon R 1.0,LXI CNG,Manual,"82,017 km",1st Owner,Petrol + CNG,MH-04,"4,63,000"
2016 Maruti Celerio,VXI CNG,Manual,"94,914 km",1st Owner,Petrol + CNG,MH-04,"4,60,000"
2020 Maruti Dzire,ZXI Plus AMT,Automatic,"12,096 km",1st Owner,Petrol,MH-05,"8,14,000"
2021 Maruti Ciaz,ALPHA 1.5 AT SHVS,Automatic,"10,144 km",1st Owner,Petrol,MH-04,"11,18,000"
2018 Maruti Ciaz,ALPHA 1.4 VVT AMT,Automatic,"16,929 km",1st Owner,Petrol,MH-03,"8,76,000"
2017 Hyundai Creta,1.6 CRDI SX PLUS AUTO,Automatic,"45,832 km",1st Owner,Diesel,MH-47,"13,22,000"
2020 Maruti Dzire,VXI,Manual,"12,247 km",1st Owner,Petrol,MH-46,"7,37,000"
2020 Maruti Baleno,ZETA PETROL 1.2,,"6,704 km",1st Owner,Petrol,MH-01,"8,10,000"
2017 Maruti Baleno,ZETA 1.2 K12,Manual,"59,115 km",1st Owner,Petrol,MH-43,"5,61,000"
2018 Hyundai Verna,1.6 SX VTVT,Manual,"49,399 km",1st Owner,Petrol,MH-04,"9,06,000"
2018 Maruti Ciaz,ALPHA 1.4 VVT AMT,Automatic,"20,314 km",1st Owner,Petrol,MH-02,"9,02,000"
2018 Maruti Dzire,ZXI AMT,Automatic,"9,980 km",1st Owner,Petrol,MH-01,"7,35,000"
2021 Honda WR-V,1.5 i-DTEC VX MT,Manual,"16,054 km",1st Owner,Diesel,MH-05,"12,42,000"
2017 Honda City,VX MT PETROL,Manual,"32,931 km",1st Owner,Petrol,MH-03,"9,28,000"
2019 Maruti Celerio,VXI CNG OPT,Manual,"52,195 km",1st Owner,Petrol + CNG,MH-46,"5,78,000"
2019 Maruti New  Wagon-R,LXI CNG 1.0 L,Manual,"31,204 km",1st Owner,Petrol + CNG,MH-47,"5,88,000"
2019 Toyota YARIS,VX CVT,Automatic,"11,159 km",2nd Owner,Petrol,MH-20,"10,48,000"
2018 Tata NEXON,XZA+ 1.5,Automatic,"58,204 km",1st Owner,Diesel,MH-04,"9,66,000"
2018 Maruti Wagon R 1.0,LXI CNG,Manual,"16,283 km",1st Owner,Petrol + CNG,MH-05,"5,21,000"
2021 Renault Kiger,RXZ CVT 1.0 TURBO DUAL TONE,,"14,326 km",1st Owner,Petrol,MH-01,"10,30,000"
2019 Hyundai VENUE,1.0L Turbo GDI SX(O) MT,Manual,"14,797 km",1st Owner,Petrol,MH-01,"10,73,000"
2018 Toyota YARIS,VX CVT,Automatic,"49,310 km",1st Owner,Petrol,MH-01,"10,05,000"
2020 Honda City,ZX CVT,Automatic,"9,345 km",1st Owner,Petrol,MH-02,"15,81,000"
2021 Maruti S Cross,ZETA SHVS PETROL,Manual,"29,515 km",1st Owner,Petrol,MH-46,"10,48,000"
2018 Maruti Celerio,VXI CNG,Manual,"86,683 km",1st Owner,Petrol + CNG,MH-05,"4,82,000"
2015 Maruti Ciaz,ZXI PLUS,Manual,"60,613 km",1st Owner,Petrol,MH-01,"6,09,000"
2020 Tata ALTROZ,XZ 1.2,Manual,"34,503 km",1st Owner,Petrol,MH-04,"7,40,000"
2017 Maruti IGNIS,ZETA 1.2 K12 AMT,Automatic,"15,975 km",1st Owner,Petrol,MH-02,"5,86,000"
2022 Maruti Ciaz,ALPHA 1.5 MT VTVT SHVS,Manual,188 km,1st Owner,Petrol,MH-02,"11,64,000"
2017 Maruti IGNIS,DELTA 1.2 K12,Manual,"31,129 km",1st Owner,Petrol,MH-05,"4,97,000"
2016 Hyundai Grand i10,1.2 ASTA (O) AT,Automatic,"53,100 km",1st Owner,Petrol,MH-43,"5,46,000"
2015 Honda Jazz,1.2 V AT,Automatic,"70,039 km",1st Owner,Petrol,MH-04,"5,22,000"
2018 Honda Jazz,1.2 V MT,Manual,"43,405 km",2nd Owner,Petrol,MH-01,"6,14,000"
2018 Toyota YARIS,VX CVT,Automatic,"79,351 km",1st Owner,Petrol,MH-04,"9,62,000"
2020 Tata ALTROZ,XZ 1.2,Manual,"10,453 km",1st Owner,Petrol,MH-03,"8,46,000"
2020 KIA SELTOS,1.4 GTX+ TURBO GDI PETROL AT,Automatic,"22,197 km",1st Owner,Petrol,MH-47,"18,73,000"
2019 Hyundai GRAND I10 NIOS,SPORTZ PETROL,Manual,"33,637 km",1st Owner,Petrol,MH-43,"6,71,000"
2020 Tata ALTROZ,XZ 1.2,Manual,"20,396 km",1st Owner,Petrol,MH-04,"8,07,000"
2019 Hyundai Creta,1.6 VTVT SX AUTO,Automatic,"19,947 km",1st Owner,Petrol,MH-12,"14,26,000"
2021 Maruti Ciaz,ALPHA 1.5 MT VTVT SHVS,Manual,"9,424 km",1st Owner,Petrol,MH-48,"11,16,000"
2021 Toyota Glanza,G MT PETROL,Manual,"14,927 km",1st Owner,Petrol,MH-05,"8,54,000"
2021 Toyota YARIS,J CVT,Automatic,"16,781 km",1st Owner,Petrol,MH-01,"12,12,000"
2013 BMW 5 Series,520D 2.0,Automatic,"95,257 km",2nd Owner,Diesel,MH-20,"12,11,000"
2017 Ford Endeavour,3.2l 4X4 AT Titanium,Automatic,"39,389 km",1st Owner,Diesel,MH-04,"27,31,000"
2019 Renault Kwid,RXT 1.0 EASY-R  AT,Automatic,"33,454 km",2nd Owner,Petrol,MH-05,"3,25,000"
2016 Maruti Ertiga,ZXI PLUS,Manual,"30,022 km",2nd Owner,Petrol,MH-02,"6,86,000"
2015 Maruti Ertiga,ZXI,Manual,"17,205 km",1st Owner,Petrol,MH-43,"7,10,000"
2017 Maruti Ertiga,VXI CNG,Manual,"78,426 km",1st Owner,Petrol + CNG,MH-47,"7,91,000"
2016 Hyundai Creta,1.6 SX (O) CRDI,Manual,"81,892 km",3rd Owner,Diesel,MH-04,"8,10,000"
2019 Maruti Vitara Brezza,VDI AMT,Automatic,"30,047 km",2nd Owner,Diesel,MH-43,"7,93,000"
2015 Hyundai i10,MAGNA 1.1 IRDE2,Manual,"42,697 km",2nd Owner,Petrol,MH-46,"3,05,000"
2013 Maruti Swift Dzire,VDI,Manual,"55,386 km",1st Owner,Diesel,MH-04,"5,20,000"
2013 Volkswagen Polo,HIGHLINE1.2L PETROL,Manual,"39,227 km",2nd Owner,Petrol,MH-01,"3,74,000"
2013 Maruti Wagon R 1.0,LXI CNG,Manual,"72,243 km",3rd Owner,Petrol + CNG,MH-43,"2,86,000"
2013 Maruti Ertiga,ZXI,Manual,"43,637 km",2nd Owner,Petrol,MH-03,"5,73,000"
2014 Maruti Ertiga,VXI CNG,Manual,"80,737 km",1st Owner,Petrol + CNG,MH-02,"6,48,000"
2014 Hyundai Verna,FLUIDIC 1.6 SX VTVT,Manual,"18,106 km",1st Owner,Petrol,MH-02,"5,07,000"
2017 Tata Tiago,XZA 1.2 REVOTRON,Automatic,"29,196 km",1st Owner,Petrol,MH-47,"4,81,000"
2018 Hyundai Verna,1.6 SX VTVT AT (O),Automatic,"37,483 km",1st Owner,Petrol,MH-05,"9,20,000"
2014 Maruti Wagon R 1.0,LXI CNG,Manual,"90,776 km",2nd Owner,Petrol + CNG,MH-03,"3,01,000"
2016 Maruti Ciaz,ZDI SHVS,Manual,"82,784 km",2nd Owner,Diesel,MH-04,"5,99,000"
2015 Maruti S Cross,ZETA 1.3,Manual,"58,070 km",1st Owner,Diesel,MH-43,"6,46,000"
2012 Maruti Swift Dzire,ZXI 1.2 BS IV,Manual,"44,599 km",1st Owner,Petrol,MH-02,"3,96,000"
2014 Maruti Ertiga,VXI CNG,Manual,"86,803 km",1st Owner,Petrol + CNG,MH-05,"6,64,000"
2019 Tata Harrier,XZ 2.0L Kryotec,Manual,"49,812 km",1st Owner,Diesel,MH-01,"13,70,000"
2017 Tata Tiago,XT 1.05 REVOTORQ,Manual,"91,946 km",2nd Owner,Diesel,MH-46,"4,04,000"
2014 Maruti Wagon R 1.0,LXI CNG,Manual,"54,331 km",1st Owner,Petrol + CNG,MH-04,"3,36,500"
2019 Ford Ecosport,1.5 AMBIENTE TDCI,Manual,"87,495 km",1st Owner,Diesel,MH-15,"6,73,000"
2012 Maruti Swift,VXI,Manual,"38,673 km",1st Owner,Petrol,MH-03,"3,41,000"
2018 Tata Tiago,XE 1.2 REVOTRON,Manual,"17,902 km",1st Owner,Petrol,MH-03,"4,34,000"
2015 Maruti Wagon R 1.0,LXI,Manual,"24,359 km",1st Owner,Petrol,MH-03,"3,46,000"
2017 Hyundai Creta,1.6 E + VTVT,Manual,"46,686 km",1st Owner,Petrol,MH-02,"7,55,000"
2015 Maruti Celerio,VXI CNG,Manual,"38,243 km",1st Owner,Petrol + CNG,MH-46,"4,10,000"
2019 Maruti Vitara Brezza,ZDI PLUS DUAL TONE,Manual,"20,880 km",1st Owner,Diesel,MH-03,"9,03,000"
2017 Maruti Swift,VXI,Manual,"48,040 km",1st Owner,Petrol,MH-43,"4,80,000"
2020 Maruti Celerio,VXI CNG,Manual,"67,216 km",1st Owner,Petrol + CNG,MH-43,"4,72,000"
2016 Mahindra XUV500,W10 AT FWD,Automatic,"94,586 km",2nd Owner,Diesel,MH-04,"10,00,000"
2013 Maruti Ertiga,VXI,Manual,"57,685 km",2nd Owner,Petrol,MH-02,"5,36,000"
2017 Hyundai Creta,SX PLUS 1.6 DUAL TONE VTVT,Manual,"89,306 km",1st Owner,Petrol,MH-48,"8,18,000"
2015 Maruti Wagon R 1.0,LXI CNG,Manual,"65,847 km",2nd Owner,Petrol + CNG,MH-04,"3,40,000"
2018 Maruti IGNIS,SIGMA 1.2 K12,Manual,"41,299 km",1st Owner,Petrol,MH-04,"4,17,000"
2012 Maruti Swift,VXI,Manual,"74,741 km",1st Owner,Petrol,MH-04,"3,57,000"
2011 Maruti Zen Estilo,VXI,Manual,"68,950 km",2nd Owner,Petrol,MH-43,"1,72,000"
2017 Maruti Celerio,VXI CNG,Manual,"27,954 km",1st Owner,Petrol + CNG,MH-46,"4,80,000"
2016 Hyundai Creta,1.6 SX PLUS AUTO PETROL,Automatic,"47,981 km",2nd Owner,Petrol,MH-43,"9,41,000"
2022 Toyota URBAN CRUISER,MID MT,,"1,961 km",1st Owner,Petrol,MH-43,"10,21,000"
2018 Hyundai NEW SANTRO,1.1 SPORTS AMT,Automatic,"41,316 km",2nd Owner,Petrol,MH-01,"4,62,000"
2012 Hyundai i10,SPORTZ 1.2 KAPPA2,Manual,"93,088 km",2nd Owner,Petrol + CNG,MH-02,"2,05,000"
2013 Maruti Swift Dzire,VXI,Manual,"87,411 km",1st Owner,Petrol,MH-01,"4,18,000"
